;dataset;model;metric;value;run
0;celeba;labo;leakage;0.47811521715864996;0
1;celeba;labo;leakage;0.47811521715864996;1
2;celeba;labo;leakage;0.47811521715864996;2
3;celeba;labo;leakage;0.47811521715864996;3
4;celeba;labo;leakage;0.47811521715864996;4
5;celeba;labo;leakage;0.47811521715864996;5
6;celeba;labo;leakage;0.47811521715864996;6
7;celeba;labo;leakage;0.47811521715864996;7
8;celeba;labo;leakage;0.47811521715864996;8
9;celeba;labo;leakage;0.47811521715864996;9
10;celeba;labo;label_f1;0.9740667355650006;0
11;celeba;labo;label_f1;0.9740667355650006;1
12;celeba;labo;label_f1;0.9740667355650006;2
13;celeba;labo;label_f1;0.9740667355650006;3
14;celeba;labo;label_f1;0.9740667355650006;4
15;celeba;labo;label_f1;0.9740667355650006;5
16;celeba;labo;label_f1;0.9740667355650006;6
17;celeba;labo;label_f1;0.9740667355650006;7
18;celeba;labo;label_f1;0.9740667355650006;8
19;celeba;labo;label_f1;0.9740667355650006;9
20;celeba;labo;avg_concept_auc;0.3821464095678273;0
21;celeba;labo;avg_concept_auc;0.3807373233891193;1
22;celeba;labo;avg_concept_auc;0.3815655722323522;2
23;celeba;labo;avg_concept_auc;0.385029552883134;3
24;celeba;labo;avg_concept_auc;0.38158865743266945;4
25;celeba;labo;avg_concept_auc;0.38182277079502797;5
26;celeba;labo;avg_concept_auc;0.3814375943998726;6
27;celeba;labo;avg_concept_auc;0.38246104118357555;7
28;celeba;labo;avg_concept_auc;0.3776315777907964;8
29;celeba;labo;avg_concept_auc;0.3796001673983064;9
30;celeba;labo;ois;0.163687065243721;0
31;celeba;labo;ois;0.163687065243721;1
32;celeba;labo;ois;0.163687065243721;2
33;celeba;labo;ois;0.163687065243721;3
34;celeba;labo;ois;0.163687065243721;4
35;celeba;labo;ois;0.163687065243721;5
36;celeba;labo;ois;0.163687065243721;6
37;celeba;labo;ois;0.163687065243721;7
38;celeba;labo;ois;0.163687065243721;8
39;celeba;labo;ois;0.163687065243721;9
40;celeba;labo;disentanglement;0.2804863482728319;0
41;celeba;labo;disentanglement;0.2804863482728319;1
42;celeba;labo;disentanglement;0.2804863482728319;2
43;celeba;labo;disentanglement;0.2804863482728319;3
44;celeba;labo;disentanglement;0.2804863482728319;4
45;celeba;labo;disentanglement;0.2804863482728319;5
46;celeba;labo;disentanglement;0.2804863482728319;6
47;celeba;labo;disentanglement;0.2804863482728319;7
48;celeba;labo;disentanglement;0.2804863482728319;8
49;celeba;labo;disentanglement;0.2804863482728319;9
50;celeba;lfcbm;leakage;0.5974330096802276;0
51;celeba;lfcbm;leakage;0.5789505044288759;1
52;celeba;lfcbm;leakage;0.5985384400627356;2
53;celeba;lfcbm;leakage;0.5931796105374079;3
54;celeba;lfcbm;leakage;0.5966869002226699;4
55;celeba;lfcbm;leakage;0.5732342468636874;5
56;celeba;lfcbm;leakage;0.5961575503253107;6
57;celeba;lfcbm;leakage;0.6029698407428835;7
58;celeba;lfcbm;leakage;0.6066729722089539;8
59;celeba;lfcbm;leakage;0.5948698875905604;9
60;celeba;lfcbm;label_f1;0.9875035275569934;0
61;celeba;lfcbm;label_f1;0.9874521186389869;1
62;celeba;lfcbm;label_f1;0.9870279239977013;2
63;celeba;lfcbm;label_f1;0.9873982449918872;3
64;celeba;lfcbm;label_f1;0.9876657140252465;4
65;celeba;lfcbm;label_f1;0.9873487134625673;5
66;celeba;lfcbm;label_f1;0.9873468508683891;6
67;celeba;lfcbm;label_f1;0.986866821110444;7
68;celeba;lfcbm;label_f1;0.9875059837471218;8
69;celeba;lfcbm;label_f1;0.9875029126955326;9
70;celeba;lfcbm;avg_concept_auc;0.41412410992405285;0
71;celeba;lfcbm;avg_concept_auc;0.41465567792794616;1
72;celeba;lfcbm;avg_concept_auc;0.4141597841534394;2
73;celeba;lfcbm;avg_concept_auc;0.4127312621240596;3
74;celeba;lfcbm;avg_concept_auc;0.41386322777444035;4
75;celeba;lfcbm;avg_concept_auc;0.4103274335024221;5
76;celeba;lfcbm;avg_concept_auc;0.4184184571713712;6
77;celeba;lfcbm;avg_concept_auc;0.41363714201104984;7
78;celeba;lfcbm;avg_concept_auc;0.41620390329309853;8
79;celeba;lfcbm;avg_concept_auc;0.41469998159651683;9
80;celeba;lfcbm;ois;0.16033737361431122;0
81;celeba;lfcbm;ois;0.15946833789348602;1
82;celeba;lfcbm;ois;0.15950560569763184;2
83;celeba;lfcbm;ois;0.15994586050510406;3
84;celeba;lfcbm;ois;0.15953393280506134;4
85;celeba;lfcbm;ois;0.16062766313552856;5
86;celeba;lfcbm;ois;0.16128657758235931;6
87;celeba;lfcbm;ois;0.16027314960956573;7
88;celeba;lfcbm;ois;0.1607513576745987;8
89;celeba;lfcbm;ois;0.15860529243946075;9
90;celeba;lfcbm;disentanglement;0.29474458316754715;0
91;celeba;lfcbm;disentanglement;0.2910122705387765;1
92;celeba;lfcbm;disentanglement;0.2939310439063567;2
93;celeba;lfcbm;disentanglement;0.2926905884702301;3
94;celeba;lfcbm;disentanglement;0.29201812743665545;4
95;celeba;lfcbm;disentanglement;0.29212097200098214;5
96;celeba;lfcbm;disentanglement;0.2929552195130837;6
97;celeba;lfcbm;disentanglement;0.2958974930301496;7
98;celeba;lfcbm;disentanglement;0.2955675515839428;8
99;celeba;lfcbm;disentanglement;0.2962891889826774;9
100;celeba;oracle;leakage;0.7853705534348395;0
101;celeba;oracle;leakage;0.7358224556317079;1
102;celeba;oracle;leakage;0.7680885060511321;2
103;celeba;oracle;leakage;0.7767790555121742;3
104;celeba;oracle;leakage;0.7541942875157716;4
105;celeba;oracle;leakage;0.7504509250412512;5
106;celeba;oracle;leakage;0.7837965939177793;6
107;celeba;oracle;leakage;0.7393335488007354;7
108;celeba;oracle;leakage;0.7226673202895406;8
109;celeba;oracle;leakage;0.7388883602397821;9
110;celeba;oracle;label_f1;0.9701573246795683;0
111;celeba;oracle;label_f1;0.970364493271911;1
112;celeba;oracle;label_f1;0.9707808331298453;2
113;celeba;oracle;label_f1;0.9722888370720995;3
114;celeba;oracle;label_f1;0.9702841570710029;4
115;celeba;oracle;label_f1;0.9685870477089968;5
116;celeba;oracle;label_f1;0.9701057635891528;6
117;celeba;oracle;label_f1;0.9703420300835419;7
118;celeba;oracle;label_f1;0.967163305922323;8
119;celeba;oracle;label_f1;0.9719331913486886;9
120;celeba;oracle;avg_concept_auc;0.5172341818185271;0
121;celeba;oracle;avg_concept_auc;0.5209542021337252;1
122;celeba;oracle;avg_concept_auc;0.5178479511800195;2
123;celeba;oracle;avg_concept_auc;0.524254715972586;3
124;celeba;oracle;avg_concept_auc;0.5188908520158296;4
125;celeba;oracle;avg_concept_auc;0.51830696089809;5
126;celeba;oracle;avg_concept_auc;0.5198112576705864;6
127;celeba;oracle;avg_concept_auc;0.5174752639495881;7
128;celeba;oracle;avg_concept_auc;0.5203994814551773;8
129;celeba;oracle;avg_concept_auc;0.5192854807441147;9
130;celeba;oracle;ois;0.15537197887897491;0
131;celeba;oracle;ois;0.15566161274909973;1
132;celeba;oracle;ois;0.15508076548576355;2
133;celeba;oracle;ois;0.15364527702331543;3
134;celeba;oracle;ois;0.15500126779079437;4
135;celeba;oracle;ois;0.15393176674842834;5
136;celeba;oracle;ois;0.15543591976165771;6
137;celeba;oracle;ois;0.1550462692975998;7
138;celeba;oracle;ois;0.15575291216373444;8
139;celeba;oracle;ois;0.15562115609645844;9
140;celeba;oracle;disentanglement;0.3832739547951607;0
141;celeba;oracle;disentanglement;0.3798928003700387;1
142;celeba;oracle;disentanglement;0.3844557164252817;2
143;celeba;oracle;disentanglement;0.3828337001346385;3
144;celeba;oracle;disentanglement;0.38186439768856295;4
145;celeba;oracle;disentanglement;0.3821384730157085;5
146;celeba;oracle;disentanglement;0.3827590960597621;6
147;celeba;oracle;disentanglement;0.39289229964049593;7
148;celeba;oracle;disentanglement;0.38683238441272705;8
149;celeba;oracle;disentanglement;0.379527297188086;9
150;celeba;vlgcbm;leakage;0.941998758930601;0
151;celeba;vlgcbm;leakage;0.8812108324647306;1
152;celeba;vlgcbm;leakage;0.92234803393116;2
153;celeba;vlgcbm;leakage;0.869819331893857;3
154;celeba;vlgcbm;leakage;0.8907984832420651;4
155;celeba;vlgcbm;leakage;0.8808107891938565;5
156;celeba;vlgcbm;leakage;0.9328422586785854;6
157;celeba;vlgcbm;leakage;0.9167786113681963;7
158;celeba;vlgcbm;leakage;0.922765362097608;8
159;celeba;vlgcbm;leakage;0.8838735509246608;9
160;celeba;vlgcbm;label_f1;0.9833469434549633;0
161;celeba;vlgcbm;label_f1;0.9839275189347672;1
162;celeba;vlgcbm;label_f1;0.9841609701812378;2
163;celeba;vlgcbm;label_f1;0.9848402390922346;3
164;celeba;vlgcbm;label_f1;0.9836635220832668;4
165;celeba;vlgcbm;label_f1;0.9836594329668857;5
166;celeba;vlgcbm;label_f1;0.9844672655258568;6
167;celeba;vlgcbm;label_f1;0.9848379775781899;7
168;celeba;vlgcbm;label_f1;0.9826835314503699;8
169;celeba;vlgcbm;label_f1;0.9843889823449318;9
170;celeba;vlgcbm;avg_concept_auc;0.3064150399364404;0
171;celeba;vlgcbm;avg_concept_auc;0.3045914799432183;1
172;celeba;vlgcbm;avg_concept_auc;0.3102253243828324;2
173;celeba;vlgcbm;avg_concept_auc;0.29811487441136214;3
174;celeba;vlgcbm;avg_concept_auc;0.3089348974843716;4
175;celeba;vlgcbm;avg_concept_auc;0.3079069141575498;5
176;celeba;vlgcbm;avg_concept_auc;0.30610447247431466;6
177;celeba;vlgcbm;avg_concept_auc;0.30462140747269373;7
178;celeba;vlgcbm;avg_concept_auc;0.3046194723337744;8
179;celeba;vlgcbm;avg_concept_auc;0.3066425662167887;9
180;celeba;vlgcbm;ois;0.18912722170352936;0
181;celeba;vlgcbm;ois;0.18988831341266632;1
182;celeba;vlgcbm;ois;0.1827220320701599;2
183;celeba;vlgcbm;ois;0.18519417941570282;3
184;celeba;vlgcbm;ois;0.18306849896907806;4
185;celeba;vlgcbm;ois;0.18471156060695648;5
186;celeba;vlgcbm;ois;0.1855025589466095;6
187;celeba;vlgcbm;ois;0.18420416116714478;7
188;celeba;vlgcbm;ois;0.18470889329910278;8
189;celeba;vlgcbm;ois;0.18446755409240723;9
190;celeba;vlgcbm;disentanglement;0.16803767890650895;0
191;celeba;vlgcbm;disentanglement;0.1690883028536768;1
192;celeba;vlgcbm;disentanglement;0.17825344124589818;2
193;celeba;vlgcbm;disentanglement;0.16259611273634197;3
194;celeba;vlgcbm;disentanglement;0.1612748062683606;4
195;celeba;vlgcbm;disentanglement;0.17526555236811112;5
196;celeba;vlgcbm;disentanglement;0.16611357342666472;6
197;celeba;vlgcbm;disentanglement;0.18072976518712053;7
198;celeba;vlgcbm;disentanglement;0.1632529993964059;8
199;celeba;vlgcbm;disentanglement;0.1686846005761582;9
200;celeba;resnetcbm;leakage;0.5129852205186735;0
201;celeba;resnetcbm;leakage;0.48401537301665476;1
202;celeba;resnetcbm;leakage;0.5062456002017857;2
203;celeba;resnetcbm;leakage;0.4892008564113082;3
204;celeba;resnetcbm;leakage;0.5212971861797626;4
205;celeba;resnetcbm;leakage;0.4992082628947779;5
206;celeba;resnetcbm;leakage;0.5087138876964985;6
207;celeba;resnetcbm;leakage;0.5150953516265988;7
208;celeba;resnetcbm;leakage;0.5106011989765155;8
209;celeba;resnetcbm;leakage;0.5083892975521981;9
210;celeba;resnetcbm;label_f1;0.9572766417482375;0
211;celeba;resnetcbm;label_f1;0.9625352360378856;1
212;celeba;resnetcbm;label_f1;0.9634100346288408;2
213;celeba;resnetcbm;label_f1;0.9521286627288505;3
214;celeba;resnetcbm;label_f1;0.9635144184211588;4
215;celeba;resnetcbm;label_f1;0.9606199860613452;5
216;celeba;resnetcbm;label_f1;0.9630330172558512;6
217;celeba;resnetcbm;label_f1;0.8771692090416593;7
218;celeba;resnetcbm;label_f1;0.9568026036981787;8
219;celeba;resnetcbm;label_f1;0.9599336179778002;9
220;celeba;resnetcbm;avg_concept_auc;0.7484095002658924;0
221;celeba;resnetcbm;avg_concept_auc;0.7430664733134698;1
222;celeba;resnetcbm;avg_concept_auc;0.7419096946287135;2
223;celeba;resnetcbm;avg_concept_auc;0.7466012058452944;3
224;celeba;resnetcbm;avg_concept_auc;0.7427032313205063;4
225;celeba;resnetcbm;avg_concept_auc;0.7423989143759879;5
226;celeba;resnetcbm;avg_concept_auc;0.7429946290478106;6
227;celeba;resnetcbm;avg_concept_auc;0.7388432826937784;7
228;celeba;resnetcbm;avg_concept_auc;0.7444018819354434;8
229;celeba;resnetcbm;avg_concept_auc;0.7345332177123962;9
230;celeba;resnetcbm;ois;0.12773680686950684;0
231;celeba;resnetcbm;ois;0.12434270977973938;1
232;celeba;resnetcbm;ois;0.12648528814315796;2
233;celeba;resnetcbm;ois;0.12580469250679016;3
234;celeba;resnetcbm;ois;0.12545034289360046;4
235;celeba;resnetcbm;ois;0.12440471351146698;5
236;celeba;resnetcbm;ois;0.12662625312805176;6
237;celeba;resnetcbm;ois;0.12644977867603302;7
238;celeba;resnetcbm;ois;0.12942825257778168;8
239;celeba;resnetcbm;ois;0.12675067782402039;9
240;celeba;resnetcbm;disentanglement;0.7500098535020441;0
241;celeba;resnetcbm;disentanglement;0.7425367292188065;1
242;celeba;resnetcbm;disentanglement;0.7488921632938201;2
243;celeba;resnetcbm;disentanglement;0.7514644183747661;3
244;celeba;resnetcbm;disentanglement;0.7400821479220591;4
245;celeba;resnetcbm;disentanglement;0.7511794510091468;5
246;celeba;resnetcbm;disentanglement;0.7483951882753558;6
247;celeba;resnetcbm;disentanglement;0.7427987505156382;7
248;celeba;resnetcbm;disentanglement;0.7488313276467736;8
249;celeba;resnetcbm;disentanglement;0.7446745974671138;9
250;shapes3d;labo;leakage;0.8785536304890188;0
251;shapes3d;labo;leakage;0.8785536304890188;1
252;shapes3d;labo;leakage;0.8785536304890188;2
253;shapes3d;labo;leakage;0.8785536304890188;3
254;shapes3d;labo;leakage;0.8785536304890188;4
255;shapes3d;labo;leakage;0.8785536304890188;5
256;shapes3d;labo;leakage;0.8785536304890188;6
257;shapes3d;labo;leakage;0.8785536304890188;7
258;shapes3d;labo;leakage;0.8785536304890188;8
259;shapes3d;labo;leakage;0.8785536304890188;9
260;shapes3d;labo;label_f1;0.7644400514912842;0
261;shapes3d;labo;label_f1;0.7644400514912842;1
262;shapes3d;labo;label_f1;0.7644400514912842;2
263;shapes3d;labo;label_f1;0.7644400514912842;3
264;shapes3d;labo;label_f1;0.7644400514912842;4
265;shapes3d;labo;label_f1;0.7644400514912842;5
266;shapes3d;labo;label_f1;0.7644400514912842;6
267;shapes3d;labo;label_f1;0.7644400514912842;7
268;shapes3d;labo;label_f1;0.7644400514912842;8
269;shapes3d;labo;label_f1;0.7644400514912842;9
270;shapes3d;labo;avg_concept_auc;0.31302980839782785;0
271;shapes3d;labo;avg_concept_auc;0.3136298150566003;1
272;shapes3d;labo;avg_concept_auc;0.31289842252804995;2
273;shapes3d;labo;avg_concept_auc;0.3145639561460185;3
274;shapes3d;labo;avg_concept_auc;0.31467614104885816;4
275;shapes3d;labo;avg_concept_auc;0.31283302643575356;5
276;shapes3d;labo;avg_concept_auc;0.31152914275951427;6
277;shapes3d;labo;avg_concept_auc;0.31296712417969397;7
278;shapes3d;labo;avg_concept_auc;0.31446786455488;8
279;shapes3d;labo;avg_concept_auc;0.31251136807651286;9
280;shapes3d;labo;ois;0.15156018733978271;0
281;shapes3d;labo;ois;0.15156018733978271;1
282;shapes3d;labo;ois;0.15156018733978271;2
283;shapes3d;labo;ois;0.15156018733978271;3
284;shapes3d;labo;ois;0.15156018733978271;4
285;shapes3d;labo;ois;0.15156018733978271;5
286;shapes3d;labo;ois;0.15156018733978271;6
287;shapes3d;labo;ois;0.15156018733978271;7
288;shapes3d;labo;ois;0.15156018733978271;8
289;shapes3d;labo;ois;0.15156018733978271;9
290;shapes3d;labo;disentanglement;0.28117010759635197;0
291;shapes3d;labo;disentanglement;0.28117010759635197;1
292;shapes3d;labo;disentanglement;0.28117010759635197;2
293;shapes3d;labo;disentanglement;0.28117010759635197;3
294;shapes3d;labo;disentanglement;0.28117010759635197;4
295;shapes3d;labo;disentanglement;0.28117010759635197;5
296;shapes3d;labo;disentanglement;0.28117010759635197;6
297;shapes3d;labo;disentanglement;0.28117010759635197;7
298;shapes3d;labo;disentanglement;0.28117010759635197;8
299;shapes3d;labo;disentanglement;0.28117010759635197;9
300;shapes3d;lfcbm;leakage;0.7328102387923981;0
301;shapes3d;lfcbm;leakage;0.7376823852363791;1
302;shapes3d;lfcbm;leakage;0.710439560872254;2
303;shapes3d;lfcbm;leakage;0.7141998006132668;3
304;shapes3d;lfcbm;leakage;0.707130619481653;4
305;shapes3d;lfcbm;leakage;0.7163069967037506;5
306;shapes3d;lfcbm;leakage;0.7249378968275175;6
307;shapes3d;lfcbm;leakage;0.7165528555580843;7
308;shapes3d;lfcbm;leakage;0.708128881922484;8
309;shapes3d;lfcbm;leakage;0.7370877188264159;9
310;shapes3d;lfcbm;label_f1;0.9598570295389559;0
311;shapes3d;lfcbm;label_f1;0.96128152589705;1
312;shapes3d;lfcbm;label_f1;0.9605701747124513;2
313;shapes3d;lfcbm;label_f1;0.9584253293027115;3
314;shapes3d;lfcbm;label_f1;0.9619910900284441;4
315;shapes3d;lfcbm;label_f1;0.9606196716388798;5
316;shapes3d;lfcbm;label_f1;0.9599074885731649;6
317;shapes3d;lfcbm;label_f1;0.9606690409859551;7
318;shapes3d;lfcbm;label_f1;0.9611351525071563;8
319;shapes3d;lfcbm;label_f1;0.9637118845029777;9
320;shapes3d;lfcbm;avg_concept_auc;0.30545590132366024;0
321;shapes3d;lfcbm;avg_concept_auc;0.3054541178665991;1
322;shapes3d;lfcbm;avg_concept_auc;0.3056597936464102;2
323;shapes3d;lfcbm;avg_concept_auc;0.30526424083176373;3
324;shapes3d;lfcbm;avg_concept_auc;0.3036130612876332;4
325;shapes3d;lfcbm;avg_concept_auc;0.30591490893393647;5
326;shapes3d;lfcbm;avg_concept_auc;0.3059677667521213;6
327;shapes3d;lfcbm;avg_concept_auc;0.30448660279037854;7
328;shapes3d;lfcbm;avg_concept_auc;0.3065570185131069;8
329;shapes3d;lfcbm;avg_concept_auc;0.3058262086044709;9
330;shapes3d;lfcbm;ois;0.15194346010684967;0
331;shapes3d;lfcbm;ois;0.15214145183563232;1
332;shapes3d;lfcbm;ois;0.15286143124103546;2
333;shapes3d;lfcbm;ois;0.15207421779632568;3
334;shapes3d;lfcbm;ois;0.15201087296009064;4
335;shapes3d;lfcbm;ois;0.15210339426994324;5
336;shapes3d;lfcbm;ois;0.15144146978855133;6
337;shapes3d;lfcbm;ois;0.15221892297267914;7
338;shapes3d;lfcbm;ois;0.15126970410346985;8
339;shapes3d;lfcbm;ois;0.15205112099647522;9
340;shapes3d;lfcbm;disentanglement;0.28040469814528424;0
341;shapes3d;lfcbm;disentanglement;0.27902225437903716;1
342;shapes3d;lfcbm;disentanglement;0.27950759582071094;2
343;shapes3d;lfcbm;disentanglement;0.27818463454645437;3
344;shapes3d;lfcbm;disentanglement;0.27897359272112615;4
345;shapes3d;lfcbm;disentanglement;0.27990995079704833;5
346;shapes3d;lfcbm;disentanglement;0.27999587726249725;6
347;shapes3d;lfcbm;disentanglement;0.2795427105380359;7
348;shapes3d;lfcbm;disentanglement;0.28070678288871215;8
349;shapes3d;lfcbm;disentanglement;0.2827648424080059;9
350;shapes3d;oracle;leakage;0.29570238659702;0
351;shapes3d;oracle;leakage;0.21126530754956072;1
352;shapes3d;oracle;leakage;0.266856333860395;2
353;shapes3d;oracle;leakage;0.24051286860134166;3
354;shapes3d;oracle;leakage;0.22789829022179459;4
355;shapes3d;oracle;leakage;0.3289166905658731;5
356;shapes3d;oracle;leakage;0.2528755940036516;6
357;shapes3d;oracle;leakage;0.22231944968169493;7
358;shapes3d;oracle;leakage;0.2170450576343199;8
359;shapes3d;oracle;leakage;0.3696677094767292;9
360;shapes3d;oracle;label_f1;0.49325180317900036;0
361;shapes3d;oracle;label_f1;0.49325180317900036;1
362;shapes3d;oracle;label_f1;0.6346045316847717;2
363;shapes3d;oracle;label_f1;0.6287526777155903;3
364;shapes3d;oracle;label_f1;0.49325180317900036;4
365;shapes3d;oracle;label_f1;0.49325180317900036;5
366;shapes3d;oracle;label_f1;0.7217042430079699;6
367;shapes3d;oracle;label_f1;0.49325180317900036;7
368;shapes3d;oracle;label_f1;0.49325180317900036;8
369;shapes3d;oracle;label_f1;0.49325180317900036;9
370;shapes3d;oracle;avg_concept_auc;0.16436381568499348;0
371;shapes3d;oracle;avg_concept_auc;0.17091179813283483;1
372;shapes3d;oracle;avg_concept_auc;0.16732479217717525;2
373;shapes3d;oracle;avg_concept_auc;0.1528886067067746;3
374;shapes3d;oracle;avg_concept_auc;0.1616366338605401;4
375;shapes3d;oracle;avg_concept_auc;0.1594562481360325;5
376;shapes3d;oracle;avg_concept_auc;0.1695319077357274;6
377;shapes3d;oracle;avg_concept_auc;0.1672278383697044;7
378;shapes3d;oracle;avg_concept_auc;0.1698542818368576;8
379;shapes3d;oracle;avg_concept_auc;0.16679856108430782;9
380;shapes3d;oracle;ois;0.15643928945064545;0
381;shapes3d;oracle;ois;0.15666016936302185;1
382;shapes3d;oracle;ois;0.15610888600349426;2
383;shapes3d;oracle;ois;0.15655499696731567;3
384;shapes3d;oracle;ois;0.15627111494541168;4
385;shapes3d;oracle;ois;0.1557401716709137;5
386;shapes3d;oracle;ois;0.15641728043556213;6
387;shapes3d;oracle;ois;0.1546756774187088;7
388;shapes3d;oracle;ois;0.15687792003154755;8
389;shapes3d;oracle;ois;0.1554349958896637;9
390;shapes3d;oracle;disentanglement;0.19953676567550407;0
391;shapes3d;oracle;disentanglement;0.20528436674936515;1
392;shapes3d;oracle;disentanglement;0.20804737421191258;2
393;shapes3d;oracle;disentanglement;0.20064871499669024;3
394;shapes3d;oracle;disentanglement;0.20653511302555796;4
395;shapes3d;oracle;disentanglement;0.1882345507521102;5
396;shapes3d;oracle;disentanglement;0.20998019272685794;6
397;shapes3d;oracle;disentanglement;0.1990059480362052;7
398;shapes3d;oracle;disentanglement;0.20708303184698382;8
399;shapes3d;oracle;disentanglement;0.20896031782647545;9
400;shapes3d;vlgcbm;leakage;0.46290956616820184;0
401;shapes3d;vlgcbm;leakage;0.21655292964426345;1
402;shapes3d;vlgcbm;leakage;0.1977470667866454;2
403;shapes3d;vlgcbm;leakage;0.26602165721989973;3
404;shapes3d;vlgcbm;leakage;0.3619767481551039;4
405;shapes3d;vlgcbm;leakage;0.372070428266239;5
406;shapes3d;vlgcbm;leakage;0.22653716151399145;6
407;shapes3d;vlgcbm;leakage;0.29873492656366357;7
408;shapes3d;vlgcbm;leakage;0.4227310851525931;8
409;shapes3d;vlgcbm;leakage;0.3190725194994663;9
410;shapes3d;vlgcbm;label_f1;0.3910109554451291;0
411;shapes3d;vlgcbm;label_f1;0.4016241051889767;1
412;shapes3d;vlgcbm;label_f1;0.3132465640834988;2
413;shapes3d;vlgcbm;label_f1;0.5001356593113887;3
414;shapes3d;vlgcbm;label_f1;0.413784451913075;4
415;shapes3d;vlgcbm;label_f1;0.44582425609358745;5
416;shapes3d;vlgcbm;label_f1;0.42283149473695997;6
417;shapes3d;vlgcbm;label_f1;0.21244432457278833;7
418;shapes3d;vlgcbm;label_f1;0.4659138235368756;8
419;shapes3d;vlgcbm;label_f1;0.5654497135436019;9
420;shapes3d;vlgcbm;avg_concept_auc;0.24036923465700805;0
421;shapes3d;vlgcbm;avg_concept_auc;0.2433044568249483;1
422;shapes3d;vlgcbm;avg_concept_auc;0.23944904940759773;2
423;shapes3d;vlgcbm;avg_concept_auc;0.22946774022399738;3
424;shapes3d;vlgcbm;avg_concept_auc;0.23489525122381044;4
425;shapes3d;vlgcbm;avg_concept_auc;0.23727444143804374;5
426;shapes3d;vlgcbm;avg_concept_auc;0.22225102056813256;6
427;shapes3d;vlgcbm;avg_concept_auc;0.23521070878582964;7
428;shapes3d;vlgcbm;avg_concept_auc;0.23227192847294353;8
429;shapes3d;vlgcbm;avg_concept_auc;0.23332598719713005;9
430;shapes3d;vlgcbm;ois;0.15039348602294922;0
431;shapes3d;vlgcbm;ois;0.15201376378536224;1
432;shapes3d;vlgcbm;ois;0.14991526305675507;2
433;shapes3d;vlgcbm;ois;0.15174487233161926;3
434;shapes3d;vlgcbm;ois;0.15011100471019745;4
435;shapes3d;vlgcbm;ois;0.15120775997638702;5
436;shapes3d;vlgcbm;ois;0.1523064523935318;6
437;shapes3d;vlgcbm;ois;0.15218691527843475;7
438;shapes3d;vlgcbm;ois;0.15196718275547028;8
439;shapes3d;vlgcbm;ois;0.1506386697292328;9
440;shapes3d;vlgcbm;disentanglement;0.2594340695537048;0
441;shapes3d;vlgcbm;disentanglement;0.24197430936216638;1
442;shapes3d;vlgcbm;disentanglement;0.2409364031329561;2
443;shapes3d;vlgcbm;disentanglement;0.24089201904577517;3
444;shapes3d;vlgcbm;disentanglement;0.23660959055493136;4
445;shapes3d;vlgcbm;disentanglement;0.2520274044543157;5
446;shapes3d;vlgcbm;disentanglement;0.24242646245976385;6
447;shapes3d;vlgcbm;disentanglement;0.22002046216900642;7
448;shapes3d;vlgcbm;disentanglement;0.24308508498730944;8
449;shapes3d;vlgcbm;disentanglement;0.26653659581744515;9
450;shapes3d;resnetcbm;leakage;0.20267940118995786;0
451;shapes3d;resnetcbm;leakage;0.19985978699710658;1
452;shapes3d;resnetcbm;leakage;0.15906701221753558;2
453;shapes3d;resnetcbm;leakage;0.1916617185047296;3
454;shapes3d;resnetcbm;leakage;0.22390270600278878;4
455;shapes3d;resnetcbm;leakage;0.12341388218428047;5
456;shapes3d;resnetcbm;leakage;0.30366248207438074;6
457;shapes3d;resnetcbm;leakage;0.44811862730694757;7
458;shapes3d;resnetcbm;leakage;0.19169084055752017;8
459;shapes3d;resnetcbm;leakage;0.21533965988968726;9
460;shapes3d;resnetcbm;label_f1;0.9996787430681187;0
461;shapes3d;resnetcbm;label_f1;0.9996787430681187;1
462;shapes3d;resnetcbm;label_f1;0.9990374002001929;2
463;shapes3d;resnetcbm;label_f1;1.0;3
464;shapes3d;resnetcbm;label_f1;0.9993578767123288;4
465;shapes3d;resnetcbm;label_f1;0.9993578767123288;5
466;shapes3d;resnetcbm;label_f1;0.9990374002001929;6
467;shapes3d;resnetcbm;label_f1;0.9996787430681187;7
468;shapes3d;resnetcbm;label_f1;0.9996787430681187;8
469;shapes3d;resnetcbm;label_f1;1.0;9
470;shapes3d;resnetcbm;avg_concept_auc;0.9999937748482528;0
471;shapes3d;resnetcbm;avg_concept_auc;0.9999923097941668;1
472;shapes3d;resnetcbm;avg_concept_auc;0.999962786280876;2
473;shapes3d;resnetcbm;avg_concept_auc;0.999998985613781;3
474;shapes3d;resnetcbm;avg_concept_auc;0.9999952493410111;4
475;shapes3d;resnetcbm;avg_concept_auc;0.9999705626481085;5
476;shapes3d;resnetcbm;avg_concept_auc;0.9999929868492805;6
477;shapes3d;resnetcbm;avg_concept_auc;0.9999857058065228;7
478;shapes3d;resnetcbm;avg_concept_auc;0.9999956149298438;8
479;shapes3d;resnetcbm;avg_concept_auc;0.999997012873836;9
480;shapes3d;resnetcbm;ois;0.07303699105978012;0
481;shapes3d;resnetcbm;ois;0.06942331045866013;1
482;shapes3d;resnetcbm;ois;0.06879644840955734;2
483;shapes3d;resnetcbm;ois;0.07485117018222809;3
484;shapes3d;resnetcbm;ois;0.07607241719961166;4
485;shapes3d;resnetcbm;ois;0.07500194013118744;5
486;shapes3d;resnetcbm;ois;0.08254562318325043;6
487;shapes3d;resnetcbm;ois;0.07988506555557251;7
488;shapes3d;resnetcbm;ois;0.08248196542263031;8
489;shapes3d;resnetcbm;ois;0.0810314491391182;9
490;shapes3d;resnetcbm;disentanglement;0.9991553879652793;0
491;shapes3d;resnetcbm;disentanglement;0.9988365801087783;1
492;shapes3d;resnetcbm;disentanglement;0.9974441000380476;2
493;shapes3d;resnetcbm;disentanglement;0.999023877153438;3
494;shapes3d;resnetcbm;disentanglement;0.9989519383164783;4
495;shapes3d;resnetcbm;disentanglement;0.9980677675977876;5
496;shapes3d;resnetcbm;disentanglement;0.9989397876087304;6
497;shapes3d;resnetcbm;disentanglement;0.9986875405196517;7
498;shapes3d;resnetcbm;disentanglement;0.9989961363829932;8
499;shapes3d;resnetcbm;disentanglement;0.9989907645180919;9
